dayofweek,mae,observations
0,22399.012215030496,503
1,21297.43208447723,457
2,22700.648724907365,487
3,19976.775775978404,504
4,21274.318137700197,504
5,19837.78260652681,504
6,20407.55484724238,501
