dayofweek,mae,observations
0,51278.04939131492,503
1,60676.574018909334,504
2,53519.859562093734,504
3,51373.56927742982,480
4,56196.41890404829,480
5,57512.22426402453,502
6,57153.6607276724,501
